SV_delta,ambig_trial,confidence
-0.7119554638036703,0.0,-1.0
-0.4332956709440909,0.0,-1.0
3.9086889058925944,0.0,1.0
30.691331507719706,0.0,1.0
57.21347481143289,0.0,1.0
-0.6137547101755778,0.0,-1.0
-0.07787049313792527,0.0,-1.0
8.272099846932624,0.0,1.0
59.77718177352323,0.0,1.0
110.78130351143321,0.0,1.0
-0.507370560411811,0.0,-1.0
0.3071734494854208,0.0,1.0
12.999128366392656,0.0,1.0
91.28685289481038,0.0,1.0
168.8131179364335,0.0,1.0
-0.4091698067837185,0.0,-1.0
-0.5914885723300386,1.0,-1.0
-0.7890005683385519,1.0,-1.0
-0.9713193338848721,1.0,-1.0
0.6625986272915865,0.0,1.0
0.0027189698796314943,1.0,-1.0
-0.7121506589833198,1.0,-1.0
-1.372030316395275,1.0,-1.0
17.362539307432684,0.0,1.0
9.261464041202284,1.0,1.0
0.4852991694526845,1.0,1.0
-7.615776096777719,1.0,-1.0
120.37270316061391,0.0,1.0
66.3721367758627,1.0,1.0
7.871523192382229,1.0,1.0
-46.129043192369,1.0,-1.0
222.38094663643383,0.0,1.0
122.927326977176,1.0,1.0
15.18590567964665,1.0,1.0
-84.26771397961124,1.0,-1.0
-0.2045849033918593,0.0,-1.0
1.4030677477210982,0.0,1.0
26.45297876793274,0.0,1.0
180.96822454770455,0.0,1.0
333.9805897614345,0.0,1.0
