SV_delta,ambig_trial,confidence
-0.19146156004987028,0.0,-1.0
-0.14950829496689977,0.0,-1.0
0.19006340660888474,0.0,-1.0
1.3328027336313983,0.0,1.0
2.1637750523787522,0.0,1.0
-0.16505306900850886,0.0,-1.0
-0.08437371307971941,0.0,-1.0
0.5686487899506354,0.0,1.0
2.766224418840085,0.0,1.0
4.364248108738842,0.0,1.0
-0.13644387038036732,0.0,-1.0
-0.013811249368607392,0.0,-1.0
0.9787829552375319,0.0,1.0
4.319097911149495,0.0,1.0
6.748093919795606,0.0,1.0
-0.11003537933900591,0.0,-1.0
-0.15843783009948567,1.0,-1.0
-0.21087381842333874,1.0,-1.0
-0.2592762691838185,1.0,-1.0
0.05132333251857299,0.0,-1.0
-0.06805771760128862,1.0,-1.0
-0.19738718856447204,1.0,-1.0
-0.3167682386843336,1.0,-1.0
1.3573683385792827,0.0,1.0
0.663483165543975,1.0,1.0
-0.08822577191094175,1.0,-1.0
-0.7821109449462494,1.0,-1.0
5.752519596358182,0.0,1.0
3.1252917691926125,1.0,1.0
0.27912828976324544,1.0,1.0
-2.3480995374023235,1.0,-1.0
8.948566976155695,0.0,1.0
4.915459268736269,1.0,1.0
0.5462592523652209,1.0,1.0
-3.4868484550542065,1.0,-1.0
-0.05501768966950296,0.0,-1.0
0.1870203781168653,0.0,1.0
2.14608788720793,0.0,1.0
8.738814773876276,0.0,1.0
13.532885843572549,0.0,1.0
