SV_delta,ambig_trial,confidence
-4.365710824154035,0.0,-1.0
-1.008323803778862,0.0,-1.0
133.20927080159115,0.0,1.0
2007.0901955779173,0.0,1.0
4760.083969248589,0.0,1.0
-3.763543813925892,0.0,-1.0
2.6929696867955943,0.0,1.0
260.80372854327635,0.0,1.0
3864.4208915746726,0.0,1.0
9158.639687095196,0.0,1.0
-3.1111962195120704,0.0,-1.0
6.702704301584589,0.0,1.0
399.03105776343534,0.0,1.0
5876.529145571158,0.0,1.0
13923.741714762353,0.0,1.0
-2.509029209283928,0.0,-1.0
-2.962890092983636,1.0,-1.0
-3.4545727169916534,1.0,-1.0
-3.908433600691362,1.0,-1.0
10.403997792159045,0.0,1.0
7.6142861242487605,1.0,1.0
4.592098484012622,1.0,1.0
1.802386816102338,1.0,1.0
526.6255155051206,0.0,1.0
430.45596061056403,1.0,1.0
326.2722761414612,1.0,1.0
230.10272124690468,1.0,1.0
7733.859841567913,0.0,1.0
6333.966229514495,1.0,1.0
4817.414816456628,1.0,1.0
3417.5212044032105,1.0,1.0
18322.297432608957,0.0,1.0
15007.050414430538,1.0,1.0
11415.532811403915,1.0,1.0
8100.28579322549,1.0,1.0
-1.254514604641964,0.0,-1.0
18.115025897522493,0.0,1.0
792.4473024669647,0.0,1.0
11603.298791561154,0.0,1.0
27485.95517812272,0.0,1.0
