SV_delta,ambig_trial,confidence
-0.4824458103749442,0.0,-1.0
-0.3216449318488728,0.0,-1.0
1.7363932404976437,0.0,1.0
12.360066597053569,0.0,1.0
21.981182007536574,0.0,1.0
-0.4159015606680554,0.0,-1.0
-0.10666910196407187,0.0,-1.0
3.8510966140869223,0.0,1.0
24.28123768438678,0.0,1.0
42.7833827045464,0.0,1.0
-0.3438119568189258,0.0,-1.0
0.12622138041112918,0.0,-1.0
6.142025268808639,0.0,1.0
37.19583969566442,0.0,1.0
65.31910012630705,0.0,1.0
-0.2772677071120369,0.0,-1.0
-0.16259715816426012,1.0,-1.0
-0.03837073013750203,1.0,-1.0
0.07629981881027481,1.0,1.0
0.3411972102959301,0.0,1.0
0.7116483992713468,1.0,1.0
1.1129705206613814,1.0,1.0
1.4834217096367985,1.0,1.0
8.256728642397919,0.0,1.0
11.900833095890528,1.0,1.0
15.84861292050752,1.0,1.0
19.492717374000133,1.0,1.0
49.11701078299763,0.0,1.0
69.65984113582597,1.0,1.0
91.91457401805665,1.0,1.0
112.457404370885,1.0,1.0
86.12130082331687,0.0,1.0
121.96812130374974,1.0,1.0
160.8021768242187,1.0,1.0
196.64899730465157,1.0,1.0
-0.13863385355601854,0.0,-1.0
0.789063522555932,0.0,1.0
12.662360670708912,0.0,1.0
73.95278388160848,0.0,1.0
129.45921894208738,0.0,1.0
