SV_delta,ambig_trial,confidence
-0.7119554642199544,0.0,-1.0
-0.43329567113169454,0.0,-1.0
3.9086889105587352,0.0,1.0
30.69133154946928,0.0,1.0
57.21347489343093,0.0,1.0
-0.6137547105344434,0.0,-1.0
-0.07787049305702054,0.0,-1.0
8.272099856347651,0.0,1.0
59.777181854252554,0.0,1.0
110.78130366956341,0.0,1.0
-0.5073705607084733,0.0,-1.0
0.3071734498572095,0.0,1.0
12.999128380952312,0.0,1.0
91.28685301776775,0.0,1.0
168.81311817704025,0.0,1.0
-0.4091698070229623,0.0,-1.0
-0.5914885728883469,1.0,-1.0
-0.7890005692425136,1.0,-1.0
-0.9713193351078983,1.0,-1.0
0.6625986279318835,0.0,1.0
0.0027189692524395292,1.0,-1.0
-0.7121506609836248,1.0,-1.0
-1.3720303196630688,1.0,-1.0
17.362539326741228,0.0,1.0
9.261464042253643,1.0,1.0
0.4852991507254246,1.0,1.0
-7.6157761337621634,1.0,-1.0
120.37270332255103,0.0,1.0
66.37213680250177,1.0,1.0
7.8715230724484035,1.0,1.0
-46.12904344760087,1.0,-1.0
222.38094695317275,0.0,1.0
122.92732703667205,1.0,1.0
15.185905460462973,1.0,1.0
-84.26771445603774,1.0,-1.0
-0.20458490351148118,0.0,-1.0
1.4030677489207872,0.0,1.0
26.452978797134804,0.0,1.0
180.9682247908495,0.0,1.0
333.98059023678206,0.0,1.0
