SV_delta,ambig_trial,confidence
-0.06875004756984587,0.0,-1.0
-0.06023559317691972,0.0,-1.0
-0.018072147348133567,0.0,-1.0
0.06944110413631159,0.0,-1.0
0.11871596353697896,0.0,-1.0
-0.05926728238779817,0.0,-1.0
-0.042893331632170933,0.0,-1.0
0.03819021803857167,0.0,-1.0
0.2064849324317355,0.0,1.0
0.30124427743301885,0.0,1.0
-0.048994286773913154,0.0,-1.0
-0.02410588162535976,0.0,-1.0
0.099141113874169,0.0,-1.0
0.354949079751778,0.0,1.0
0.4989832841537286,0.0,1.0
-0.039511521591865446,0.0,-1.0
3.160921727349275e-06,1.0,1.0
0.04281073364478623,1.0,1.0
0.082325416158379,1.0,1.0
-0.006763620080610974,0.0,-1.0
0.06550158377635716,1.0,1.0
0.14378888795473938,1.0,1.0
0.21605409181170754,1.0,1.0
0.15540347926087422,0.0,1.0
0.3898487558272749,1.0,1.0
0.643831138774209,1.0,1.0
0.8782764153406096,1.0,1.0
0.49199290804720186,0.0,1.0
1.0630545405542329,1.0,1.0
1.68170464243685,1.0,1.0
2.252766274943881,1.0,1.0
0.6815115980497686,0.0,1.0
1.4421070820545665,1.0,1.0
2.2660855230597643,1.0,1.0
3.0266810070645622,1.0,1.0
-0.01975576079593272,0.0,-1.0
0.02936609147094897,0.0,-1.0
0.2726167404831768,0.0,1.0
0.7775008836626681,0.0,1.0
1.061778918666518,0.0,1.0
