SV_delta,ambig_trial,confidence
-0.9296514440906871,0.0,-1.0
-0.5250464013128074,0.0,-1.0
6.698523045822406,0.0,1.0
57.00991063768002,0.0,1.0
109.9261066530133,0.0,1.0
-0.8014236586988681,0.0,-1.0
-0.023337037972176455,0.0,-1.0
13.868142668057082,0.0,1.0
110.62081111393711,0.0,1.0
212.38272652803963,0.0,1.0
-0.6625102245243977,0.0,-1.0
0.5201814389801738,0.0,1.0
21.635230592144644,0.0,1.0
168.6992866298823,0.0,1.0
323.3773980593181,0.0,1.0
-0.5342824391325788,0.0,-1.0
-0.14871508785363652,1.0,-1.0
0.2689828760318844,1.0,1.0
0.6545502273108268,1.0,1.0
1.0218908023208046,0.0,1.0
2.530477648330807,1.0,1.0
4.1647800648416435,1.0,1.0
5.673366910851646,1.0,1.0
28.80485021437932,0.0,1.0
50.363136033444285,1.0,1.0
73.71794567076465,1.0,1.0
95.27623148982961,1.0,1.0
222.31018710613938,0.0,1.0
383.51247905204906,1.0,1.0
558.1482953267844,1.0,1.0
719.350587272694,1.0,1.0
425.83401793434444,0.0,1.0
733.9102077047381,1.0,1.0
1067.6594132893315,1.0,1.0
1375.7356030597255,1.0,1.0
-0.26714121956628945,0.0,-1.0
2.067118642613786,0.0,1.0
43.74155776070156,0.0,1.0
333.9995630983417,0.0,1.0
639.2853093406491,0.0,1.0
