SV_delta,ambig_trial,confidence
-0.45735726958393313,0.0,-1.0
-0.308334942111512,0.0,-1.0
1.5484573789590894,0.0,1.0
10.901035288127416,0.0,1.0
19.266627352465502,0.0,1.0
-0.39427350826201135,0.0,-1.0
-0.10769210927658601,0.0,-1.0
3.463062354320724,0.0,1.0
21.448789102721353,0.0,1.0
37.53646614952536,0.0,1.0
-0.3259327668299294,0.0,-1.0
0.10967095962791706,0.0,-1.0
5.537217744295829,0.0,1.0
32.87552240186478,0.0,1.0
57.32879151300688,0.0,1.0
-0.26284900550800755,0.0,-1.0
-0.48657004267531445,1.0,-1.0
-0.7289344996065636,1.0,-1.0
-0.9526555367738706,1.0,-1.0
0.3103137924628431,0.0,1.0
-0.4012484498858465,1.0,-1.0
-1.1721075457635937,1.0,-1.0
-1.8836697881122832,1.0,-1.0
7.451822719657463,0.0,1.0
0.6618437793125981,1.0,1.0
-6.69396673939434,1.0,-1.0
-13.483945679739207,1.0,-1.0
43.42327621645872,0.0,1.0
6.016590664778543,1.0,1.0
-34.50731868287499,1.0,-1.0
-71.91400423455518,1.0,-1.0
75.59863031006674,0.0,1.0
10.806246360421545,1.0,1.0
-59.385502918360764,1.0,-1.0
-124.17788686800597,1.0,-1.0
-0.1314245027540038,0.0,-1.0
0.7283196942022722,0.0,1.0
11.440583084994202,0.0,1.0
65.39776333019609,0.0,1.0
113.66079447060811,0.0,1.0
