,kappa_gt,gamma_gt
0,1e-05,1.6666666666666667
1,1e-05,3.3333333333333335
2,1e-05,5.0
3,0.0031622776601683794,1.6666666666666667
4,0.0031622776601683794,3.3333333333333335
5,0.0031622776601683794,5.0
6,1.0,1.6666666666666667
7,1.0,3.3333333333333335
8,1.0,5.0
