SV_delta,ambig_trial,confidence
-0.17289749082208972,0.0,-1.0
-0.13688185265065533,0.0,-1.0
0.14048706954626067,0.0,-1.0
1.0304470936919208,0.0,1.0
1.661710562923984,0.0,1.0
-0.14904956105352563,0.0,-1.0
-0.07978871841615183,0.0,-1.0
0.453613055039456,0.0,1.0
2.1650746399349563,0.0,1.0
3.379042849996616,0.0,1.0
-0.12321430380424783,0.0,-1.0
-0.017937822995439695,0.0,-1.0
0.7928328726570841,0.0,1.0
3.3942544816982445,0.0,1.0
5.239486160991968,0.0,1.0
-0.09936637403568374,0.0,-1.0
7.949309922844483e-06,1.0,-1.0
0.10766346626766338,1.0,1.0
0.2070377896132699,1.0,1.0
0.03915531123906382,0.0,-1.0
0.2770624015942399,1.0,1.0
0.5347950828123473,1.0,1.0
0.7727021731675234,1.0,1.0
1.1059588581502795,0.0,1.0
2.4107548397004237,1.0,1.0
3.8242838197130804,1.0,1.0
5.129079801263225,1.0,1.0
4.528882027941281,0.0,1.0
9.256875013136007,1.0,1.0
14.378867413763631,1.0,1.0
19.106860398958357,1.0,1.0
6.9568184480646,0.0,1.0
14.112942088296256,1.0,1.0
21.86540936521389,1.0,1.0
29.021533005445544,1.0,1.0
-0.049683187017841884,0.0,-1.0
0.15809934089427946,0.0,1.0
1.7583046612611026,0.0,1.0
6.892689415947603,0.0,1.0
10.534594046132582,0.0,1.0
