SV_delta,ambig_trial,confidence
-5.38090445873793,0.0,-1.0
-0.9316460947532512,0.0,-1.0
197.80340317170476,0.0,1.0
3242.9545674897918,0.0,1.0
7914.78566585275,0.0,1.0
-4.6387107402913195,0.0,-1.0
3.9175553442946036,0.0,1.0
386.1003423951754,0.0,1.0
6242.160273776112,0.0,1.0
15226.450847551034,0.0,1.0
-3.8346675453074903,0.0,-1.0
9.170856903263111,0.0,1.0
590.0886932206018,0.0,1.0
9491.299788919627,0.0,1.0
23147.421461057504,0.0,1.0
-3.0924738268608793,0.0,-1.0
-1.0567848417497254,1.0,-1.0
1.1485448921206922,1.0,1.0
3.184233877231847,1.0,1.0
14.020058342310966,0.0,1.0
27.320448403164015,1.0,1.0
41.72920430242149,1.0,1.0
55.02959436327455,1.0,1.0
778.3856324440725,0.0,1.0
1294.846491085706,1.0,1.0
1854.3457546141428,1.0,1.0
2370.8066132557765,1.0,1.0
12490.505495205947,0.0,1.0
20716.727125251677,1.0,1.0
29628.467224467888,1.0,1.0
37854.68885451361,1.0,1.0
30459.08664275579,0.0,1.0
50513.522436629486,1.0,1.0
72239.16121332602,1.0,1.0
92293.59700719971,1.0,1.0
-1.5462369134304401,0.0,-1.0
24.122561340327323,0.0,1.0
1170.6709224929696,0.0,1.0
18738.85071663578,0.0,1.0
45691.72243796053,0.0,1.0
