SV_delta,ambig_trial,confidence
-0.19146156160714445,0.0,-1.0
-0.1495082960153384,0.0,-1.0
0.19006341102815094,0.0,-1.0
1.3328027607908437,0.0,1.0
2.163775097717847,0.0,1.0
-0.1650530703509866,0.0,-1.0
-0.08437371344366729,0.0,-1.0
0.5686488001015046,0.0,1.0
2.766224472722068,0.0,1.0
4.36424819758169,0.0,1.0
-0.13644387149014892,0.0,-1.0
-0.013811248991023567,0.0,-1.0
0.9787829715976377,0.0,1.0
4.319097993980893,0.0,1.0
6.748094055767519,0.0,1.0
-0.11003538023399106,0.0,-1.0
-0.1584378313667546,1.0,-1.0
-0.21087382009391512,1.0,-1.0
-0.2592762712266786,1.0,-1.0
0.05132333358064756,0.0,-1.0
-0.0680577177409849,1.0,-1.0
-0.19738719000608676,1.0,-1.0
-0.3167682413277192,1.0,-1.0
1.3573683606709914,0.0,1.0
0.6634831774374197,1.0,1.0
-0.08822577106561644,1.0,-1.0
-0.7821109542991881,1.0,-1.0
5.752519705912118,0.0,1.0
3.125291830930232,1.0,1.0
0.2791282996998551,1.0,1.0
-2.348099575282031,1.0,-1.0
8.94856715563136,0.0,1.0
4.915459370260054,1.0,1.0
0.5462592694411383,1.0,1.0
-3.486848515930168,1.0,-1.0
-0.05501769011699556,0.0,-1.0
0.1870203806049624,0.0,1.0
2.146087921240478,0.0,1.0
8.738814939102168,0.0,1.0
13.532886113681032,0.0,1.0
