SV_delta,ambig_trial,confidence
-0.47254707155514447,0.0,-1.0
-0.3164223271514137,0.0,-1.0
1.661052303438166,0.0,1.0
11.772137530962741,0.0,1.0
20.88510117570458,0.0,1.0
-0.4073681651337452,0.0,-1.0
-0.10712827204964764,0.0,-1.0
3.6957075560072363,0.0,1.0
23.14010222432373,0.0,1.0
40.665032310365724,0.0,1.0
-0.3367576831772294,0.0,-1.0
0.11960695431059898,0.0,-1.0
5.8999174129570635,0.0,1.0
35.455397308798126,0.0,1.0
62.09329103958196,0.0,1.0
-0.27157877675583014,0.0,-1.0
-0.04089436026620463,1.0,-1.0
0.20901375759755658,1.0,1.0
0.43969817408718226,1.0,1.0
0.328901009412365,0.0,1.0
1.0696449038212332,1.0,1.0
1.8721174560975071,1.0,1.0
2.6128613505063756,1.0,1.0
7.934572665526133,0.0,1.0
15.13572539217496,1.0,1.0
22.93697417937786,1.0,1.0
30.13812690602669,1.0,1.0
46.823362002159115,0.0,1.0
87.05742614874114,1.0,1.0
130.64432897420502,1.0,1.0
170.87839312078708,1.0,1.0
81.87322217424311,0.0,1.0
151.8793349264848,1.0,1.0
227.71929040807998,1.0,1.0
297.7254031603217,1.0,1.0
-0.1357893883779151,0.0,-1.0
0.7649302908743777,0.0,1.0
12.17343777504503,0.0,1.0
70.5066217799945,0.0,1.0
123.08141203812049,0.0,1.0
