SV_delta,ambig_trial,confidence
-0.1853438851751827,0.0,-1.0
-0.1453758605061367,0.0,-1.0
0.17303870939267693,0.0,-1.0
1.2284483627309408,0.0,1.0
1.9898749647926566,0.0,1.0
-0.1597792113579161,0.0,-1.0
-0.08291762545590464,0.0,-1.0
0.5294180858879678,0.0,1.0
2.559052034615399,0.0,1.0
4.02333396165716,0.0,1.0
-0.13208414805587732,0.0,-1.0
-0.015254537484819919,0.0,-1.0
0.9154957437578661,0.0,1.0
4.000539345823561,0.0,1.0
6.226247874927038,0.0,1.0
-0.10651947423861073,0.0,-1.0
-0.07982322875138229,1.0,-1.0
-0.0509022961402181,1.0,-1.0
-0.02420605065298964,1.0,-1.0
0.04720369756541218,0.0,-1.0
0.11242652761278157,1.0,1.0
0.1830845934974318,1.0,1.0
0.2483074235448012,1.0,1.0
1.271875120253157,0.0,1.0
1.6440289521192957,1.0,1.0
2.0471956033076126,1.0,1.0
2.4193494351737517,1.0,1.0
5.331143017708019,0.0,1.0
6.72064333070803,1.0,1.0
8.225935336458042,1.0,1.0
9.615435649458052,1.0,1.0
8.259706871791542,0.0,1.0
10.38317306410584,1.0,1.0
12.683594772446332,1.0,1.0
14.80706096476063,1.0,1.0
-0.05325973711930537,0.0,-1.0
0.17732502058672897,0.0,1.0
2.014332154618346,0.0,1.0
8.103234000800638,0.0,1.0
12.496079781925921,0.0,1.0
