SV_delta,ambig_trial,confidence
-0.9296514440329573,0.0,-1.0
-0.5250464012900594,0.0,-1.0
6.69852304499099,0.0,1.0
57.00991062948002,0.0,1.0
109.92610663632607,0.0,1.0
-0.8014236586491011,0.0,-1.0
-0.023337037989682008,0.0,-1.0
13.868142666396952,0.0,1.0
110.62081109810663,0.0,1.0
212.38272649588748,0.0,1.0
-0.662510224483257,0.0,-1.0
0.5201814389190602,0.0,1.0
21.635230589586744,0.0,1.0
168.69928660578543,0.0,1.0
323.3773980104124,0.0,1.0
-0.5342824390994008,0.0,-1.0
-0.1487150897106032,1.0,-1.0
0.26898287212726113,1.0,1.0
0.6545502215160588,1.0,1.0
1.0218908022194375,0.0,1.0
2.530477640806624,1.0,1.0
4.164780049276077,1.0,1.0
5.6733668878632635,1.0,1.0
28.804850210992704,0.0,1.0
50.363135923220604,1.0,1.0
73.71794544480083,1.0,1.0
95.27623115702873,1.0,1.0
222.31018707441206,0.0,1.0
383.5124782171352,1.0,1.0
558.1482936217521,1.0,1.0
719.3505847644753,1.0,1.0
425.83401786997376,0.0,1.0
733.9102061027331,1.0,1.0
1067.6594100215557,1.0,1.0
1375.7355982543152,1.0,1.0
-0.2671412195497005,0.0,-1.0
2.0671186424285573,0.0,1.0
43.74155775558846,0.0,1.0
333.9995630507174,0.0,1.0
639.28530924406,0.0,1.0
