,subject,task,response_rate,percent_impulse,conf_1,conf_2,conf_3,conf_4,negLL,gamma,kappa,alpha,at_bound,LL,LL0,AIC,BIC,R2,softmax_accuracy,softmax_range,fig_fn
0,p0000,CDD,1.0,0.2142857142857143,112,0,0,0,15.145989862676814,0.5159067647945687,0.0022,1,1,-15.145989862676814,-77.63248422271387,34.29197972535363,39.728977467943814,0.8049013887121576,0.9553571428571429,0.9995612799609462,p0000/cdd/p0000_cdd_gain_model_fit.eps
1,p0001,CDD,1.0,0.2142857142857143,112,0,0,0,15.145989862676815,0.515906769678436,0.0022,1,1,-15.145989862676815,-77.63248422271387,34.29197972535363,39.72897746794382,0.8049013887121576,0.9553571428571429,0.9995612799930412,p0001/cdd/p0001_cdd_gain_model_fit.eps
2,p0002,CDD,1.0,0.2142857142857143,112,0,0,0,15.145989862676815,0.51590676537814,0.0022,1,1,-15.145989862676815,-77.63248422271387,34.29197972535363,39.72897746794382,0.8049013887121576,0.9553571428571429,0.9995612799647813,p0002/cdd/p0002_cdd_gain_model_fit.eps
3,p0003,CDD,1.0,0.2857142857142857,112,0,0,0,6.000249217846974,1.5301159470201908,0.002901171717196355,1,0,-6.000249217846974,-77.63248422271387,16.00049843569395,21.437496178284135,0.9227095554403062,0.9642857142857143,0.9999999999417319,p0003/cdd/p0003_cdd_gain_model_fit.eps
4,p0004,CDD,1.0,0.2946428571428571,112,0,0,0,0.9033487339996014,8.0,0.003290487621006545,1,1,-0.9033487339996014,-77.63248422271387,5.806697467999203,11.24369521058939,0.9883637791184415,0.9910714285714286,1.0,p0004/cdd/p0004_cdd_gain_model_fit.eps
5,p0005,CDD,1.0,0.2857142857142857,112,0,0,0,0.5616420031156496,8.0,0.00304907230443279,1,1,-0.5616420031156496,-77.63248422271387,5.123284006231299,10.560281748821488,0.992765373815626,1.0,1.0,p0005/cdd/p0005_cdd_gain_model_fit.eps
6,p0006,CDD,1.0,0.9642857142857143,112,0,0,0,0.027471345464737562,8.0,1.078182079213162,1,1,-0.027471345464737562,-77.63248422271387,4.054942690929475,9.491940433519664,0.9996461359476024,1.0,1.0,p0006/cdd/p0006_cdd_gain_model_fit.eps
7,p0007,CDD,1.0,0.9642857142857143,112,0,0,0,0.02747134546473759,8.0,1.0781820802547653,1,1,-0.02747134546473759,-77.63248422271387,4.054942690929475,9.491940433519664,0.9996461359476024,1.0,1.0,p0007/cdd/p0007_cdd_gain_model_fit.eps
8,p0008,CDD,1.0,0.9553571428571429,112,0,0,0,0.0015651304434713806,8.0,0.8777921688050552,1,1,-0.0015651304434713806,-77.63248422271387,4.003130260886943,9.440128003477131,0.9999798392327756,1.0,1.0,p0008/cdd/p0008_cdd_gain_model_fit.eps
