SV_delta,ambig_trial,confidence
-4.381487819307101,0.0,-1.0
-1.0077261858089326,0.0,-1.0
134.1223885226181,0.0,1.0
2023.7773496460968,0.0,1.0
4802.031154728405,0.0,1.0
-3.7771446718164663,0.0,-1.0
2.7108584695261664,0.0,1.0
262.5764636780397,0.0,1.0
3896.5283119924215,0.0,1.0
9239.32409099686,0.0,1.0
-3.1224395953682786,0.0,-1.0
6.739325179472521,0.0,1.0
401.7350450964131,0.0,1.0
5925.341854534274,0.0,1.0
14046.391438621022,0.0,1.0
-2.518096447877644,0.0,-1.0
-3.705386100972472,1.0,-1.0
-4.991616558491869,1.0,-1.0
-6.178906211586698,1.0,-1.0
10.457909834807621,0.0,1.0
3.152396230874553,1.0,1.0
-4.761910173386273,1.0,-1.0
-12.067423777319341,1.0,-1.0
530.1891202518347,0.0,1.0
277.8288594245852,1.0,1.0
4.438576861731441,1.0,1.0
-247.9216839655181,1.0,-1.0
7798.092816880599,0.0,1.0
4118.895245683465,1.0,1.0
133.09787688657053,1.0,1.0
-3546.099694310563,1.0,-1.0
18483.68437488948,0.0,1.0
9766.199924444958,1.0,1.0
322.25843646339274,1.0,1.0
-8395.226013981128,1.0,-1.0
-1.259048223938822,0.0,-1.0
18.204961200089073,0.0,1.0
797.8017768256296,0.0,1.0
11699.657321768775,0.0,1.0
27728.044658782095,0.0,1.0
