SV_delta,ambig_trial,confidence
-0.04931603306066385,0.0,-1.0
-0.04445450267731882,0.0,-1.0
-0.023844198938371003,0.0,-1.0
0.012644136552727302,0.0,-1.0
0.03149742382506956,0.0,1.0
-0.04251382160402056,0.0,-1.0
-0.033164724712972424,0.0,-1.0
0.006470474785004156,0.0,-1.0
0.07664035072942396,0.0,-1.0
0.11289667240700527,0.0,-1.0
-0.035144759192657,0.0,-1.0
-0.020934131918263835,0.0,-1.0
0.039311371318660575,0.0,-1.0
0.14596958275417868,0.0,1.0
0.20107919170410224,0.0,1.0
-0.028342547736013707,0.0,-1.0
2.267403818874414e-06,1.0,-1.0
0.03070915047197085,1.0,1.0
0.059053965611803434,1.0,1.0
-0.009644353953917432,0.0,-1.0
0.03740015082351399,1.0,-1.0
0.08836503099906473,1.0,-1.0
0.13540953577649614,1.0,1.0
0.06962604504203573,0.0,1.0
0.19594729044733997,1.0,1.0
0.3327953063030863,1.0,1.0
0.45911655170839055,1.0,1.0
0.20996579693087533,0.0,1.0
0.47663802140517025,1.0,1.0
0.7655329312523232,1.0,1.0
1.032205155726618,1.0,1.0
0.2824784402860379,0.0,1.0
0.6216691091269638,1.0,1.0
0.989125667037967,1.0,1.0
1.3283163358788928,1.0,1.0
-0.014171273868006859,0.0,-1.0
0.013876016805137552,0.0,-1.0
0.1327816152990673,0.0,-1.0
0.3432912431323267,0.0,1.0
0.4520602081650705,0.0,1.0
