SV_delta,ambig_trial,confidence
-0.5166604414932002,0.0,-1.0
-0.3394150443620349,0.0,-1.0
2.0086883560062567,0.0,1.0
14.516824119496981,0.0,1.0
26.025658158941265,0.0,1.0
-0.44539693232172434,0.0,-1.0
-0.10454039937717557,0.0,-1.0
4.41104306286954,0.0,1.0
28.465150300351706,0.0,1.0
50.59752345312917,0.0,1.0
-0.36819479738595884,0.0,-1.0
0.1499071326897553,0.0,-1.0
7.013593995304763,0.0,1.0
43.57583699627765,0.0,1.0
77.2170441884994,0.0,1.0
-0.2969312882144829,0.0,-1.0
-0.2900440996953895,1.0,-1.0
-0.28258297879970506,1.0,-1.0
-0.2756957902806117,1.0,-1.0
0.38478177767461463,0.0,1.0
0.40748099607085564,1.0,1.0
0.4320718160001167,1.0,1.0
0.4547710343963578,1.0,1.0
9.415948702168045,0.0,1.0
9.648121800970781,1.0,1.0
9.899642658007076,1.0,1.0
10.131815756809813,1.0,1.0
57.52416317713237,0.0,1.0
58.87218480910392,1.0,1.0
60.332541577073094,1.0,1.0
61.68056320904464,1.0,1.0
101.78890948268732,0.0,1.0
104.16363212144529,1.0,1.0
106.73624831343307,1.0,1.0
109.11097095219104,1.0,1.0
-0.1484656441072415,0.0,-1.0
0.8741039547264047,0.0,1.0
14.42085434146655,0.0,1.0
86.58317605391305,0.0,1.0
152.98029551224545,0.0,1.0
