SV_delta,ambig_trial,confidence
-0.9296514401292313,0.0,-1.0
-0.5250463997518225,0.0,-1.0
6.698522988769995,0.0,1.0
57.009910074989165,0.0,1.0
109.92610550792114,0.0,1.0
-0.8014236552838201,0.0,-1.0
-0.023337039173418672,0.0,-1.0
13.86814255413777,0.0,1.0
110.62081002763617,0.0,1.0
212.38272432173616,0.0,1.0
-0.6625102217012913,0.0,-1.0
0.520181434786519,0.0,1.0
21.635230416619525,0.0,1.0
168.6992849763371,0.0,1.0
323.3773947033691,0.0,1.0
-0.5342824368558801,0.0,-1.0
-0.14871508805108646,1.0,-1.0
0.2689828731541066,1.0,1.0
0.6545502219589006,1.0,1.0
1.0218907953649228,0.0,1.0
2.5304776298171756,1.0,1.0
4.164780033807117,1.0,1.0
5.673366868259371,1.0,1.0
28.8048499819873,0.0,1.0
50.363135583586825,1.0,1.0
73.71794498531965,1.0,1.0
95.27623058691918,1.0,1.0
222.3101849289841,0.0,1.0
383.51247495295365,1.0,1.0
558.1482891455873,1.0,1.0
719.3505791695569,1.0,1.0
425.8340135171841,0.0,1.0
733.9101994325151,1.0,1.0
1067.6594008407908,1.0,1.0
1375.735586756122,1.0,1.0
-0.26714121842794014,0.0,-1.0
2.0671186299032644,0.0,1.0
43.74155740983683,0.0,1.0
333.99955983033203,0.0,1.0
639.2853027126318,0.0,1.0
