SV_delta,ambig_trial,confidence
-0.31761369840549025,0.0,-1.0
-0.22937171947197046,0.0,-1.0
0.6870925861392339,0.0,1.0
4.589024986736993,0.0,1.0
7.7929272487093115,0.0,1.0
-0.27380491241852606,0.0,-1.0
-0.10410879908483417,0.0,-1.0
1.65832255785979,0.0,1.0
9.16203871285548,0.0,1.0
15.323389216648401,0.0,1.0
-0.22634539426598158,0.0,-1.0
0.03159269800123016,0.0,-1.0
2.7104883605570587,0.0,1.0
14.116136916150507,0.0,1.0
23.481389681915747,0.0,1.0
-0.18253660827901738,0.0,-1.0
-0.23152205574852747,1.0,-1.0
-0.28458962384049674,1.0,-1.0
-0.33357507131000685,1.0,-1.0
0.15685561838836642,0.0,-1.0
0.01679101563203017,1.0,-1.0
-0.13494563735400084,1.0,-1.0
-0.27501024011033715,1.0,-1.0
3.681718332277615,0.0,1.0
2.595723053278377,1.0,1.0
1.419228167695869,1.0,1.0
0.3332328886966312,1.0,1.0
18.689150642268995,0.0,1.0
13.575767136851088,1.0,1.0
8.036268339315022,1.0,1.0
2.9228848338971143,1.0,1.0
31.011851649854837,0.0,1.0
22.591553281819955,1.0,1.0
13.4695633831155,1.0,1.0
5.049265015080618,1.0,1.0
-0.0912683041395087,0.0,-1.0
0.4178200358615671,0.0,1.0
5.705114106695439,0.0,1.0
28.216262571682506,0.0,1.0
46.700314083061265,0.0,1.0
