SV_delta,ambig_trial,confidence
-0.05422186941881155,0.0,-1.0
-0.04849910384959934,0.0,-1.0
-0.023142822510583923,0.0,-1.0
0.023838202315595254,0.0,-1.0
0.048719527443258394,0.0,-1.0
-0.04674299087828581,0.0,-1.0
-0.03573767247595465,0.0,-1.0
0.013024407022151928,0.0,-1.0
0.1033725316878811,0.0,-1.0
0.15122123385646405,0.0,-1.0
-0.03864087245938294,0.0,-1.0
-0.021912788487839577,0.0,-1.0
0.05220557234928242,0.0,-1.0
0.1895347218411908,0.0,1.0
0.26226474913743686,0.0,1.0
-0.031161993918857208,0.0,-1.0
2.4929595135031457e-06,1.0,-1.0
0.03376402041108179,1.0,1.0
0.06492850728945249,1.0,1.0
-0.009151357114194889,0.0,-1.0
0.044025527419782516,1.0,1.0
0.10163381899825805,1.0,1.0
0.15481070353223544,1.0,1.0
0.08837280188201826,0.0,1.0
0.23908164734492848,1.0,1.0
0.4023495632630813,1.0,1.0
0.5530584087259915,1.0,1.0
0.26906905121347663,0.0,1.0
0.6004886017077917,1.0,1.0
0.9595264480766332,1.0,1.0
1.2909459985709484,1.0,1.0
0.3647664555506425,0.0,1.0
0.7918910661744706,1.0,1.0
1.2546093943502843,1.0,1.0
1.6817340049741123,1.0,1.0
-0.015580996959428606,0.0,-1.0
0.017434958247564865,0.0,1.0
0.1637211967418846,0.0,1.0
0.4347655707390722,0.0,1.0
0.578311677244821,0.0,1.0
