SV_delta,ambig_trial,confidence
-0.7119554653927492,0.0,-1.0
-0.4332956716602288,0.0,-1.0
3.9086889237046267,0.0,1.0
30.691331667090104,0.0,1.0
57.21347512444351,0.0,1.0
-0.6137547115454735,0.0,-1.0
-0.07787049282908798,0.0,-1.0
8.272099882872558,0.0,1.0
59.77718208169078,0.0,1.0
110.78130411506274,0.0,1.0
-0.5073705615442581,0.0,-1.0
0.30717345090464776,0.0,1.0
12.999128421971148,0.0,1.0
91.28685336417486,0.0,1.0
168.8131188549002,0.0,1.0
-0.4091698076969823,0.0,-1.0
-0.5914885737148741,1.0,-1.0
-0.7890005702342568,1.0,-1.0
-0.9713193362521486,1.0,-1.0
0.6625986297357886,0.0,1.0
0.0027189701869250182,1.0,-1.0
-0.7121506609910107,1.0,-1.0
-1.3720303205398747,1.0,-1.0
17.362539381139083,0.0,1.0
9.261464078380476,1.0,1.0
0.4852991670586544,1.0,1.0
-7.615776135699953,1.0,-1.0
120.37270377877553,0.0,1.0
66.37213709862381,1.0,1.0
7.871523195126088,1.0,1.0
-46.12904348502567,1.0,-1.0
222.38094784551944,0.0,1.0
122.92732761144137,1.0,1.0
15.185905691190127,1.0,1.0
-84.26771454288797,1.0,-1.0
-0.20458490384849126,0.0,-1.0
1.403067752300665,0.0,1.0
26.452978879405602,0.0,1.0
180.96822547586027,0.0,1.0
333.9805915759762,0.0,1.0
