SV_delta,ambig_trial,confidence
-0.516660442287548,0.0,-1.0
-0.33941504476963064,0.0,-1.0
2.0086883625411076,0.0,1.0
14.516824171832749,0.0,1.0
26.02565825750755,0.0,1.0
-0.4453969330065069,0.0,-1.0
-0.10454039931820425,0.0,-1.0
4.411043076279369,0.0,1.0
28.46515040184022,0.0,1.0
50.597523643522536,0.0,1.0
-0.3681947979520457,0.0,-1.0
0.14990713325417426,0.0,-1.0
7.013594016162486,0.0,1.0
43.57583715101497,0.0,1.0
77.2170444783721,0.0,1.0
-0.2969312886710046,0.0,-1.0
-0.2900440996214992,1.0,-1.0
-0.28258297815120165,1.0,-1.0
-0.27569578910169623,1.0,-1.0
0.3847817787056007,0.0,1.0
0.40748099886019795,1.0,1.0
0.4320718206943448,1.0,1.0
0.45477104084894204,1.0,1.0
9.415948729900748,0.0,1.0
9.648121846891602,1.0,1.0
9.899642723631692,1.0,1.0
10.131815840622545,1.0,1.0
57.52416338102245,0.0,1.0
58.87218511948872,1.0,1.0
60.33254200282719,1.0,1.0
61.68056374129347,1.0,1.0
101.78890986438708,0.0,1.0
104.16363269125614,1.0,1.0
106.73624908703097,1.0,1.0
109.11097191390003,1.0,1.0
-0.14846564433550236,0.0,-1.0
0.8741039567294056,0.0,1.0
14.420854383522126,0.0,1.0
86.58317636020466,0.0,1.0
152.9802960852516,0.0,1.0
