SV_delta,ambig_trial,confidence
-0.9296514590077483,0.0,-1.0
-0.5250464071907747,0.0,-1.0
6.698523260656129,0.0,1.0
57.00991275652079,0.0,1.0
109.92611096491554,0.0,1.0
-0.8014236715584035,0.0,-1.0
-0.023337033448839195,0.0,-1.0
13.868143097025976,0.0,1.0
110.62081520445804,0.0,1.0
212.38273483598638,0.0,1.0
-0.662510235154947,0.0,-1.0
0.5201814547715911,0.0,1.0
21.635231253093313,0.0,1.0
168.69929285639003,0.0,1.0
323.3774106963131,0.0,1.0
-0.5342824477056024,0.0,-1.0
-0.1487150916973673,1.0,-1.0
0.2689828773115541,1.0,1.0
0.6545502333197897,1.0,1.0
1.0218908285135264,0.0,1.0
2.530477700096597,1.0,1.0
4.164780144311589,1.0,1.0
5.6733670158946605,1.0,1.0
28.80485108946316,0.0,1.0
50.36313747091821,1.0,1.0
73.71794771749452,1.0,1.0
95.27623409894959,1.0,1.0
222.31019530432727,0.0,1.0
383.5124925695152,1.0,1.0
558.1483146068022,1.0,1.0
719.3506118719903,1.0,1.0
425.834034567384,0.0,1.0
733.9102351889127,1.0,1.0
1067.6594525289024,1.0,1.0
1375.7356531504313,1.0,1.0
-0.26714122385280137,0.0,-1.0
2.0671186904758923,0.0,1.0
43.741559081900334,0.0,1.0
333.9995754041965,0.0,1.0
639.2853342987815,0.0,1.0
