SV_delta,ambig_trial,confidence
-0.06076380949171262,0.0,-1.0
-0.05382654465018517,0.0,-1.0
-0.0214084450934338,0.0,-1.0
0.04202421247984704,0.0,-1.0
0.07662361378922818,0.0,-1.0
-0.05238259438940743,0.0,-1.0
-0.0390417004633931,0.0,-1.0
0.02330079868420569,0.0,-1.0
0.14528667863282269,0.0,-1.0
0.211823988843171,0.0,1.0
-0.043302944695243484,0.0,-1.0
-0.023024785927701685,0.0,-1.0
0.07173581277664846,0.0,-1.0
0.2571543502985463,0.0,1.0
0.35829106181827575,0.0,1.0
-0.03492172959293829,0.0,-1.0
2.7937383674236926e-06,1.0,-1.0
0.037837694013948625,1.0,1.0
0.07276221734525433,1.0,1.0
-0.008239941740909619,0.0,-1.0
0.05336850398545294,1.0,1.0
0.12011098685567904,1.0,1.0
0.1817194325820416,1.0,1.0
0.11644505655428795,0.0,1.0
0.30274847537571165,1.0,1.0
0.5045771790989207,1.0,1.0
0.6908805979203444,1.0,1.0
0.36041681645152196,0.0,1.0
0.7907115129109714,1.0,1.0
1.2568641007420418,1.0,1.0
1.6871587972014912,1.0,1.0
0.4934914368722186,0.0,1.0
1.0568713997219985,1.0,1.0
1.66719969280926,1.0,1.0
2.2305796556590396,1.0,1.0
-0.017460864796469147,0.0,-1.0
0.022561816981573862,0.0,-1.0
0.20958931442437018,0.0,1.0
0.5755469542702212,0.0,1.0
0.7751588849012662,0.0,1.0
