SV_delta,ambig_trial,confidence
-0.19146156200233888,0.0,-1.0
-0.149508296281404,0.0,-1.0
0.19006341214964234,0.0,-1.0
1.3328027676831833,0.0,1.0
2.163775109223694,0.0,1.0
-0.16505307069167147,0.0,-1.0
-0.08437371353602746,0.0,-1.0
0.5686488026775234,0.0,1.0
2.7662244863958714,0.0,1.0
4.364248220127623,0.0,1.0
-0.13644387177178174,0.0,-1.0
-0.013811248895202854,0.0,-1.0
0.9787829757493942,0.0,1.0
4.319098015001282,0.0,1.0
6.748094090273545,0.0,1.0
-0.1100353804611143,0.0,-1.0
-0.15843783167175965,1.0,-1.0
-0.21087382048329215,1.0,-1.0
-0.25927627169393747,1.0,-1.0
0.05132333385017368,0.0,-1.0
-0.06805771773550859,1.0,-1.0
-0.19738719028666443,1.0,-1.0
-0.31676824187234676,1.0,-1.0
1.3573683662772753,0.0,1.0
0.6634831806935422,1.0,1.0
-0.08822577035550225,1.0,-1.0
-0.7821109559392352,1.0,-1.0
5.752519733713971,0.0,1.0
3.1252918474982785,1.0,1.0
0.2791283040979439,1.0,1.0
-2.3480995821177486,1.0,-1.0
8.948567201177475,0.0,1.0
4.915459397406741,1.0,1.0
0.5462592766551129,1.0,1.0
-3.4868485271156198,1.0,-1.0
-0.055017690230557165,0.0,-1.0
0.18702038123637482,0.0,1.0
2.146087929877027,0.0,1.0
8.738814981032071,0.0,1.0
13.532886182227324,0.0,1.0
