SV_delta,ambig_trial,confidence
-0.8767463914787835,0.0,-1.0
-0.503862874579484,0.0,-1.0
5.956809469551522,0.0,1.0
49.772146743151424,0.0,1.0
95.25332839661692,0.0,1.0
-0.7558158547230893,0.0,-1.0
-0.038732168378282306,0.0,-1.0
12.385637724181343,0.0,1.0
96.64590171187346,0.0,1.0
184.10971258392252,0.0,1.0
-0.6248077732377538,0.0,-1.0
0.46515943000635285,0.0,1.0
19.350201666696982,0.0,1.0
147.42580292798903,0.0,1.0
280.3707954535036,0.0,1.0
-0.5038772364820595,0.0,-1.0
-0.5248467594323766,1.0,-1.0
-0.5475637426285533,1.0,-1.0
-0.5685332655788703,1.0,-1.0
0.9302901362075544,0.0,1.0
0.8496358260535561,1.0,1.0
0.7622603233867244,1.0,1.0
0.6816060132327264,1.0,1.0
25.779029921326806,0.0,1.0
24.664262177415683,1.0,1.0
23.45659712151196,1.0,1.0
22.341829377600842,1.0,1.0
194.29955789671106,0.0,1.0
186.17158371455832,1.0,1.0
177.36627835055955,1.0,1.0
169.23830416840687,1.0,1.0
369.22717964080914,0.0,1.0
353.81935927148334,1.0,1.0
337.12755387138037,1.0,1.0
321.71973350205457,1.0,1.0
-0.2519386182410298,0.0,-1.0
1.899312440793391,0.0,1.0
39.17242211847227,0.0,1.0
291.95321408154865,0.0,1.0
554.3446466976957,0.0,1.0
