SV_delta,ambig_trial,confidence
-0.47254706880134734,0.0,-1.0
-0.3164223256933059,0.0,-1.0
1.6610522826940555,0.0,1.0
11.77213736963332,0.0,1.0
20.885100875340353,0.0,1.0
-0.40736816275978216,0.0,-1.0
-0.10712827216739484,0.0,-1.0
3.6957075131929153,0.0,1.0
23.14010191115304,0.0,1.0
40.66503172982041,0.0,1.0
-0.3367576812147533,0.0,-1.0
0.11960695248567554,0.0,-1.0
5.899917346233347,0.0,1.0
35.45539683113273,0.0,1.0
62.09329015550714,0.0,1.0
-0.2715787751731881,0.0,-1.0
-0.040894362211461255,1.0,-1.0
0.2090137518304096,1.0,1.0
0.4396981647921365,1.0,1.0
0.32890100601158656,0.0,1.0
1.0696448878315103,1.0,1.0
1.872117426469761,1.0,1.0
2.612861308289685,1.0,1.0
7.934572576732207,0.0,1.0
15.135725157105679,1.0,1.0
22.936973785843602,1.0,1.0
30.138126366217072,1.0,1.0
46.82336137265245,0.0,1.0
87.05742460098999,1.0,1.0
130.64432643168902,1.0,1.0
170.87838966002656,1.0,1.0
81.8732210099872,0.0,1.0
151.87933210794685,1.0,1.0
227.71928579740313,1.0,1.0
297.72539689536273,1.0,1.0
-0.13578938758659415,0.0,-1.0
0.764930284190568,0.0,1.0
12.1734376402715,0.0,1.0
70.50662083415186,0.0,1.0
123.08141029015398,0.0,1.0
