SV_delta,ambig_trial,confidence
-0.4573572679193167,0.0,-1.0
-0.3083349412203149,0.0,-1.0
1.5484573668207484,0.0,1.0
10.901035194717064,0.0,1.0
19.266627179280285,0.0,1.0
-0.39427350682699713,0.0,-1.0
-0.10769210932891682,0.0,-1.0
3.46306232921159,0.0,1.0
21.44878892131989,0.0,1.0
37.5364658147107,0.0,1.0
-0.325932765643651,0.0,-1.0
0.10967095855343112,0.0,-1.0
5.537217705135001,0.0,1.0
32.87552212513961,0.0,1.0
57.32879100309365,0.0,1.0
-0.2628490045513314,0.0,-1.0
-0.4865700394048906,1.0,-1.0
-0.7289344938295799,1.0,-1.0
-0.9526555286831391,1.0,-1.0
0.3103137904448292,0.0,1.0
-0.4012484437884973,1.0,-1.0
-1.1721075308746012,1.0,-1.0
-1.8836697651079282,1.0,-1.0
7.4518226675258425,0.0,1.0
0.661843818690387,1.0,1.0
-6.69396660088136,1.0,-1.0
-13.48394544971682,1.0,-1.0
43.42327585174244,0.0,1.0
6.016590862832201,1.0,1.0
-34.50731787515391,1.0,-1.0
-71.91400286406416,1.0,-1.0
75.59862963852406,0.0,1.0
10.80624669635252,1.0,1.0
-59.38550149100002,1.0,-1.0
-124.1778844331716,1.0,-1.0
-0.13142450227566577,0.0,-1.0
0.7283196902185751,0.0,1.0
11.440583005840097,0.0,1.0
65.39776278216497,0.0,1.0
113.66079346233741,0.0,1.0
