SV_delta,ambig_trial,confidence
-0.9566265696417585,0.0,-1.0
-0.5355900197102295,0.0,-1.0
7.092250927527125,0.0,1.0
60.91410396704782,0.0,1.0
117.8866583171104,0.0,1.0
-0.8246780772773781,0.0,-1.0
-0.014992404332129894,0.0,-1.0
14.653932494201245,0.0,1.0
118.15749603174105,0.0,1.0
227.72010055109217,0.0,1.0
-0.6817338772159658,0.0,-1.0
0.5489883456608113,0.0,1.0
22.845754191431542,0.0,1.0
180.17117076849203,0.0,1.0
346.70632963790575,0.0,1.0
-0.5497853848515853,0.0,-1.0
-0.32675701368165766,1.0,-1.0
-0.08514294491423602,1.0,-1.0
0.1378854262556921,1.0,1.0
1.069585961038911,0.0,1.0
1.9495356755994198,1.0,1.0
2.9028145330399715,1.0,1.0
3.782764247600481,1.0,1.0
30.40743575810566,0.0,1.0
43.18870739600926,1.0,1.0
57.03508500373817,1.0,1.0
69.81635664164178,1.0,1.0
237.41456283318527,0.0,1.0
334.17126132712366,1.0,1.0
438.99101802889027,1.0,1.0
535.7477165228288,1.0,1.0
456.5397718718875,0.0,1.0
642.1877719550168,1.0,1.0
843.3064387117404,1.0,1.0
1028.95443879487,1.0,1.0
-0.27489269242579273,0.0,-1.0
2.154164326409952,0.0,1.0
46.160939022010076,0.0,1.0
356.6716296346295,0.0,1.0
685.3594431926829,0.0,1.0
