SV_delta,ambig_trial,confidence
-0.1852043230232675,0.0,-1.0
-0.14528126546086012,0.0,-1.0
0.17265818208283717,0.0,-1.0
1.2261221605041162,0.0,1.0
1.986005612297701,0.0,1.0
-0.1596588991579892,0.0,-1.0
-0.08288378846105193,0.0,-1.0
0.5285382260460583,0.0,1.0
2.554430492240826,0.0,1.0
4.0157448226131045,0.0,1.0
-0.13198468997060442,0.0,-1.0
-0.015286521711259743,0.0,-1.0
0.9140749403395478,0.0,1.0
3.993431184955594,0.0,1.0
6.214628967121458,0.0,1.0
-0.10643926610532614,0.0,-1.0
-0.1306332898820059,1.0,-1.0
-0.15684348230674225,1.0,-1.0
-0.181037506083422,1.0,-1.0
0.04711095528854842,0.0,-1.0
-0.011985579969577359,1.0,-1.0
-0.07600682649921364,1.0,-1.0
-0.13510336175733945,1.0,-1.0
1.2699549843027689,0.0,1.0
0.9329016517489459,1.0,1.0
0.5677605414823048,1.0,1.0
0.2307072089284819,1.0,1.0
5.321739516692304,0.0,1.0
4.063701148243816,1.0,1.0
2.7008262490912878,1.0,1.0
1.4427878806428,1.0,1.0
8.244368177436861,0.0,1.0
6.32200591898251,1.0,1.0
4.239446805656964,1.0,1.0
2.317084547202613,1.0,1.0
-0.053219633052663085,0.0,-1.0
0.17710569903814877,0.0,1.0
2.0113717425594793,0.0,1.0
8.089048541143782,0.0,1.0
12.472991532260616,0.0,1.0
