SV_delta,ambig_trial,confidence
-0.1850420543528378,0.0,-1.0
-0.14517126175694395,0.0,-1.0
0.17221618495436183,0.0,-1.0
1.2234205316230973,0.0,1.0
1.9815121821101445,0.0,1.0
-0.15951901237313604,0.0,-1.0
-0.08284441122718628,0.0,-1.0
0.5275160632176326,0.0,1.0
2.549062883734432,0.0,1.0
4.006931442363369,0.0,1.0
-0.13186905022845913,0.0,-1.0
-0.015323656486615517,0.0,-1.0
0.9124242646695092,0.0,1.0
3.9851754318550436,0.0,1.0
6.201135640971028,0.0,1.0
-0.10634600824875735,0.0,-1.0
-0.20313872936601077,1.0,-1.0
-0.30799751057636865,1.0,-1.0
-0.40479023169362205,1.0,-1.0
0.047003194043142155,0.0,-1.0
-0.18936304577425056,1.0,-1.0
-0.4454264722430928,1.0,-1.0
-0.6817927120604855,1.0,-1.0
1.2677241429327797,0.0,1.0
-0.0797030977966457,1.0,-1.0
-1.5394159419201907,1.0,-1.0
-2.8868431826496166,1.0,-1.0
5.310817783966378,0.0,1.0
0.28349656609673846,1.0,1.0
-5.162768086595374,1.0,-1.0
-10.190089304465015,1.0,-1.0
8.226554901224253,0.0,1.0
0.5454234060397278,1.0,1.0
-7.775802380410179,1.0,-1.0
-15.456933875594707,1.0,-1.0
-0.0531730041243787,0.0,-1.0
0.17685079931347056,0.0,1.0
2.007932222647927,0.0,1.0
8.072572684198324,0.0,1.0
12.446178360085135,0.0,1.0
