SV_delta,ambig_trial,confidence
-0.17289749088427767,0.0,-1.0
-0.13688185269339248,0.0,-1.0
0.1404870697018856,0.0,-1.0
1.0304470946337756,0.0,1.0
1.66171056447903,0.0,1.0
-0.1490495611071359,0.0,-1.0
-0.07978871843235674,0.0,-1.0
0.4536130554047165,0.0,1.0
2.1650746418121973,0.0,1.0
3.3790428530530714,0.0,1.0
-0.1232143038485657,0.0,-1.0
-0.017937822982901336,0.0,-1.0
0.7928328732494501,0.0,1.0
3.3942544845888207,0.0,1.0
5.239486165674949,0.0,1.0
-0.09936637407142394,0.0,-1.0
7.949309925703307e-06,1.0,-1.0
0.10766346630638782,1.0,1.0
0.20703778968773748,1.0,1.0
0.0391553112781344,0.0,-1.0
0.2770624017438703,1.0,1.0
0.5347950830817509,1.0,1.0
0.7727021735474869,1.0,1.0
1.105958858952281,0.0,1.0
2.4107548413759776,1.0,1.0
3.8242838223349827,1.0,1.0
5.129079804758678,1.0,1.0
4.5288820317672425,0.0,1.0
9.256875020859724,1.0,1.0
14.378867425709915,1.0,1.0
19.106860414802398,1.0,1.0
6.956818454248991,0.0,1.0
14.112942100737017,1.0,1.0
21.865409384432386,1.0,1.0
29.021533030920413,1.0,1.0
-0.04968318703571198,0.0,-1.0
0.15809934098862552,0.0,1.0
1.7583046624998455,0.0,1.0
6.892689421722287,0.0,1.0
10.534594055444908,0.0,1.0
