SV_delta,ambig_trial,confidence
-0.4725470716440104,0.0,-1.0
-0.31642232719846736,0.0,-1.0
1.661052304107585,0.0,1.0
11.772137536168893,0.0,1.0
20.885101185397428,0.0,1.0
-0.4073681652103538,0.0,-1.0
-0.10712827204584796,0.0,-1.0
3.6957075573888676,0.0,1.0
23.140102234429847,0.0,1.0
40.665032329100114,0.0,1.0
-0.3367576832405591,0.0,-1.0
0.11960695436948965,0.0,-1.0
5.899917415110258,0.0,1.0
35.45539732421255,0.0,1.0
62.09329106811135,0.0,1.0
-0.2715787768069025,0.0,-1.0
-0.04089435905748784,1.0,-1.0
0.20901376017104512,1.0,1.0
0.43969817792045995,1.0,1.0
0.3289010095221091,0.0,1.0
1.0696449080169295,1.0,1.0
1.872117464719652,1.0,1.0
2.6128613632144724,1.0,1.0
7.93457266839154,0.0,1.0
15.135725435533006,1.0,1.0
22.93697426660293,1.0,1.0
30.138127033744396,1.0,1.0
46.8233620224735,0.0,1.0
87.05742639855342,1.0,1.0
130.64432947264004,1.0,1.0
170.87839384871998,1.0,1.0
81.87322221181402,0.0,1.0
151.87933536520072,1.0,1.0
227.7192912813697,1.0,1.0
297.72540443475646,1.0,1.0
-0.13578938840345134,0.0,-1.0
0.764930291090066,0.0,1.0
12.173437779394213,0.0,1.0
70.50662181051715,0.0,1.0
123.08141209452793,0.0,1.0
