SV_delta,ambig_trial,confidence
-0.05486635695015498,0.0,-1.0
-0.0490272149228322,0.0,-1.0
-0.02301232332701683,0.0,-1.0
0.02546280260761591,0.0,-1.0
0.0512142540169324,0.0,-1.0
-0.04729858357771981,0.0,-1.0
-0.036069464294406765,0.0,-1.0
0.013959173389853557,0.0,-1.0
0.10718056941799346,0.0,-1.0
0.15670259135898673,0.0,-1.0
-0.03910016242424838,0.0,-1.0
-0.02203190111361255,0.0,-1.0
0.05401162816646314,0.0,-1.0
0.19570815012923576,0.0,1.0
0.2709816234795455,0.0,1.0
-0.03153238905181321,0.0,-1.0
-0.02444072541135487,1.0,-1.0
-0.016758089800858342,1.0,-1.0
-0.009666426160399998,1.0,-1.0
-0.009074150485187116,0.0,-1.0
0.0030683919075909227,1.0,-1.0
0.016222812833100453,1.0,-1.0
0.02836535522587849,1.0,-1.0
0.09098312488333353,0.0,1.0
0.12562864161555393,1.0,1.0
0.163161284742126,1.0,1.0
0.19780680147434637,1.0,1.0
0.2774259169396133,0.0,1.0
0.35400259110105564,1.0,1.0
0.4369606547759515,1.0,1.0
0.5135373289373939,1.0,1.0
0.37646996082159984,0.0,1.0
0.4753217326182927,1.0,1.0
0.58241115206471,1.0,1.0
0.6812629238614029,1.0,1.0
-0.015766194525906607,0.0,-1.0
0.017921163324032527,0.0,1.0
0.1680070763768135,0.0,1.0
0.4476712644612332,0.0,1.0
0.5962373302842129,0.0,1.0
