SV_delta,ambig_trial,confidence
-0.711955466533858,0.0,-1.0
-0.4332956721744834,0.0,-1.0
3.908688936495348,0.0,1.0
30.691331781533098,0.0,1.0
57.21347534921468,0.0,1.0
-0.6137547125291879,0.0,-1.0
-0.07787049260731371,0.0,-1.0
8.272099908680824,0.0,1.0
59.77718230298419,0.0,1.0
110.78130454852571,0.0,1.0
-0.507370562357462,0.0,-1.0
0.30717345192378676,0.0,1.0
12.999128461881755,0.0,1.0
91.28685370122287,0.0,1.0
168.813119514446,0.0,1.0
-0.40916980835279193,0.0,-1.0
-0.5914885746585214,1.0,-1.0
-0.7890005714897286,1.0,-1.0
-0.9713193377954581,1.0,-1.0
0.6625986314909564,0.0,1.0
0.002718970591437442,1.0,-1.0
-0.7121506620497084,1.0,-1.0
-1.3720303229492277,1.0,-1.0
17.362539434067234,0.0,1.0
9.26146410733494,1.0,1.0
0.4852991700416218,1.0,1.0
-7.615776156690671,1.0,-1.0
120.37270422267396,0.0,1.0
66.37213734544166,1.0,1.0
7.871523228439987,1.0,1.0
-46.129043648792326,1.0,-1.0
222.38094871375702,0.0,1.0
122.9273280946122,1.0,1.0
15.185905757205292,1.0,1.0
-84.26771486193954,1.0,-1.0
-0.20458490417639608,0.0,-1.0
1.4030677555892264,0.0,1.0
26.452978959453638,0.0,1.0
180.96822614236373,0.0,1.0
333.98059287898826,0.0,1.0
